channel_elevation,channel_slope_r,channel_slope,channel_curvature,channel_dist_along,channel_dist_to_river_center,ridge1_elevation,ridge1_slope_r,ridge1_slope,ridge1_curvature,ridge1_dist_along,ridge1_dist_to_river_center,floodplain1_elevation,floodplain1_slope_r,floodplain1_slope,floodplain1_curvature,floodplain1_dist_along,floodplain1_dist_to_river_center,ridge2_elevation,ridge2_slope_r,ridge2_slope,ridge2_curvature,ridge2_dist_along,ridge2_dist_to_river_center,floodplain2_elevation,floodplain2_slope_r,floodplain2_slope,floodplain2_curvature,floodplain2_dist_along,floodplain2_dist_to_river_center,width,width_var,sinuosity,max_width,dist_out,n_chan_mod,n_chan_max,facc,meand_len,type,reach_id,node_id
812.59,-0.002303030303028438,12.0581492600531,1.2213039485703805e-05,2670.0000000033483,31.886967740550062,881.91,-0.004424242424239014,12.0581492600531,-1.381083562899452e-05,1710.0000000019054,991.886967741993,912.11,-1.2345679012347333e-05,12.0581492600531,-0.0013769623531892665,809.9999999991547,1891.8869677447437,826.17,0.007636363636357504,12.0581492600531,-0.00024499540862905206,4110.0000000036825,1408.1130322597842,885.17,0.011666666666197468,12.0581492600531,-0.0009555555555623602,5520.000000002869,2818.11303225897,51.0,59.0,1.02412905263074,51.0,2214526,1,1,132.06925314123,844.936368988681,1,45646000331,45646000330651,
809.47,-0.012928571428572625,12.0581492600531,7.679225536372307e-06,3389.999999999532,375.36825806447405,920.6,0.013999999999996059,12.0581492600531,-0.00028888888888907953,2249.99999999969,1515.3682580643163,912.19,-0.08533333333335932,12.0581492600531,0.004500000000003009,1289.9999999998147,2475.3682580641917,906.41,0.03266666666667817,12.0581492600531,7.777777777788524e-05,6659.9999999991,2894.6317419350935,871.23,-0.3383333333334454,12.0581492600531,-0.0017000000000011032,6899.999999999067,3134.6317419350607,63.0,29.6326530612245,1.01813156215881,63.0,2214341,1,1,133.739842617151,689.461271828965,1,45646000331,45646000330641
